{
  "fields": [{"id":"_id","type":"int"},{"id":"LOCALIDAD","type":"text"},{"id":"DIA","type":"text"},{"id":"MES","type":"text"},{"id":"NOTAS","type":"text"}],
  "records": [
    [1,"ABÁIGAR","22","enero","*"],
    [2,"ABÁRZUZA","16","agosto","*"],
    [3,"ABAURREGAINA / ABAURREA ALTA","30","junio","*"],
    [4,"ABAURREPEA / ABAURREA BAJA","14","noviembre","*"],
    [5,"ABERIN","20","enero","*"],
    [6,"ABINZANO","15","mayo","*"],
    [7,"ABLITAS","22","julio","*"],
    [8,"ACEDO","2","diciembre","*"],
    [9,"ADIÓS","1","diciembre","*"],
    [10,"ADOÁIN","9","diciembre","*"],
    [11,"AGORRETA","6","septiembre","*"],
    [12,"AGUILAR DE CODÉS","10","julio","*"],
    [13,"AGUINAGA DE IZA","3","junio","*"],
    [14,"AIBAR","6","mayo","*"],
    [15,"AINTZIALDE ARIZKUN","15","mayo","*"],
    [16,"AIZKORBE","5","diciembre","*"],
    [17,"AIZOÁIN","5","febrero","*"],
    [18,"AIZPÚN","2","diciembre","*"],
    [19,"AKERRETA (Esteribar)","13","septiembre","*"],
    [20,"ALBIASU","29","septiembre","*"],
    [21,"ALDABA","16","agosto","*"],
    [22,"ALDATZ","11","noviembre","*"],
    [23,"ALDUNATE","29","diciembre","*"],
    [24,"ALKOTZ (Ultzama)","26","diciembre","*"],
    [25,"ALLI","8","septiembre","*"],
    [26,"ALLO","22","julio","*"],
    [27,"ALLOZ","15","mayo","*"],
    [28,"ALTSASU / ALSASUA","30","junio","*"],
    [29,"ALZÓRRIZ","4","febrero","*"],
    [30,"ALZUZA","26","diciembre","*"],
    [31,"AMATRIAIN","*","mayo","Lunes siguiente al primer domingo de mayo"],
    [32,"AMILLANO","21","noviembre","*"],
    [33,"AMUNARRIZQUETA","*","mayo","Lunes siguiente al primer domingo de mayo"],
    [34,"ANCÍN","13","octubre","*"],
    [35,"ANDOSILLA","8","septiembre","*"],
    [36,"AÑÉZCAR","8","septiembre","*"],
    [37,"ANOCIBAR","17","enero","*"],
    [38,"AÑORBE","15","mayo","*"],
    [39,"ANOZ (Ollo)","15","septiembre","*"],
    [40,"ANOZ","3","febrero","*"],
    [41,"ANSOÁIN","*","septiembre","Viernes anterior al tercer domingo de septiembre"],
    [42,"ANTXORITZ","8","septiembre","*"],
    [43,"AOIZ","29","septiembre","*"],
    [44,"AOS","6","septiembre","*"],
    [45,"ARAMENDÍA (Allín)","*","septiembre","Tercer sábado de septiembre"],
    [46,"ARANARACHE","29","agosto","*"],
    [47,"ARANDIGOYEN","15","mayo","*"],
    [48,"ARANGUREN","7","junio","*"],
    [49,"ARANO","16","agosto","*"],
    [50,"ARANTZA","*","*","Viernes de carnaval"],
    [51,"ARAS","20","enero","*"],
    [52,"ARAZURI (Olza)","29","agosto","*"],
    [53,"ARBEIZA (Allín)","*","agosto","Tercer sábado de agosto"],
    [54,"ARBIZU","24","junio","*"],
    [55,"ARBONIÉS","15","mayo","*"],
    [56,"ARDAITZ","15","mayo","*"],
    [57,"ARDANAZ (Egüés)","22","enero","*"],
    [58,"ARDANAZ (Izagaondoa)","15","mayo","*"],
    [59,"ARELLANO","8","marzo","*"],
    [60,"ARESO","30","junio","*"],
    [61,"ARGUEDAS","26","diciembre","*"],
    [62,"ARGUIÑANO","15","noviembre","*"],
    [63,"ARGUIÑÁRIZ","15","mayo","*"],
    [64,"ARIA","1","diciembre","*"],
    [65,"ARIBE","9","diciembre","*"],
    [66,"ARÍSTREGUI","9","junio","*"],
    [67,"ARITZU","12","septiembre","*"],
    [68,"ARIZ","12","noviembre","*"],
    [69,"ARIZALA","25","noviembre","*"],
    [70,"ARIZALETA","1","diciembre","*"],
    [71,"ARLEGUI","8","septiembre","*"],
    [72,"ARMAÑANZAS","15","mayo","*"],
    [73,"ARÓSTEGUI","18","agosto","*"],
    [74,"ARRAITZORKIN","16","agosto","*"],
    [75,"ARRAIZA","1","octubre","*"],
    [76,"ARRARATS","30","junio","*"],
    [77,"ARRE (Ezcabarte)","18","noviembre","*"],
    [78,"ARRIBE","29","septiembre","*"],
    [79,"ARRIETA","12","agosto","*"],
    [80,"ARRÓNIZ","8","septiembre","*"],
    [81,"ARRUAZU","30","junio","*"],
    [82,"ARRUITZ","10","julio","*"],
    [83,"ARTAIZ","14","noviembre","*"],
    [84,"ARTAJO","18","agosto","*"],
    [85,"ARTAJONA","29","noviembre","*"],
    [86,"ARTARIAIN","*","mayo","Lunes siguiente al primer domingo de mayo"],
    [87,"ARTAVIA","*","septiembre","Primer sábado de septiembre"],
    [88,"ARTAZA","*","agosto","Segundo lunes de agosto"],
    [89,"ARTÁZCOZ","11","noviembre","*"],
    [90,"ARTAZU","15","mayo","*"],
    [91,"ARTEAGA","15","mayo","*"],
    [92,"ARTETA","28","mayo","*"],
    [93,"ARTICA","4","septiembre","*"],
    [94,"ARTIEDA","20","septiembre","*"],
    [95,"ARTOZQUI","13","diciembre","*"],
    [96,"ARZOZ","22","noviembre","*"],
    [97,"ASARTA","*","septiembre","Tercer sábado de septiembre"],
    [98,"ASIÁIN","15","mayo","*"],
    [99,"ASPURZ","24","noviembre","*"],
    [100,"ASTITZ","26","julio","*"],
    [101,"ASTRÁIN","26","septiembre","*"],
    [102,"ATALLU","29","agosto","*"],
    [103,"ATEZ","29","noviembre","*"],
    [104,"ATONDO","12","noviembre","*"],
    [105,"AURITZ / BURGUETE","5","diciembre","*"],
    [106,"AURIZBERRI / ESPINAL","26","agosto","*"],
    [107,"AUZA","11","noviembre","*"],
    [108,"AYECHU","11","octubre","*"],
    [109,"AYEGUI","3","septiembre","*"],
    [110,"AYESA","14","noviembre","*"],
    [111,"AZAGRA","8","septiembre","*"],
    [112,"AZANZA","14","noviembre","*"],
    [113,"AZCONA","15","mayo","*"],
    [114,"AZKARATE","7","julio","*"],
    [115,"AZOZ (Ezcabarte)","11","agosto","*"],
    [116,"AZPA (Egüés)","12","noviembre","*"],
    [117,"AZPARREN","15","noviembre","*"],
    [118,"AZPIROTZ","4","agosto","*"],
    [119,"AZQUETA","19","agosto","*"],
    [120,"AZUELO","23","abril","*"],
    [121,"BADOSTÁIN","30","septiembre","*"],
    [122,"BAKAIKU","24","junio","*"],
    [123,"BALLARIAIN","30","junio","*"],
    [124,"BAQUEDANO","*","septiembre","Segundo viernes de septiembre"],
    [125,"BARAIBAR","29","septiembre","*"],
    [126,"BARAÑÁIN","26","diciembre","*"],
    [127,"BARÁSOAIN","25","agosto","*"],
    [128,"BARBARIN","18","noviembre","*"],
    [129,"BARGOTA","20","enero","*"],
    [130,"BARILLAS","7","agosto","*"],
    [131,"BARÍNDANO","*","julio","Cuarto viernes de julio"],
    [132,"BAZTAN","*","*","Viernes de la semana siguiente a San Lucas"],
    [133,"BEARIN","14","noviembre","*"],
    [134,"BEASOAIN","25","agosto","*"],
    [135,"BEIRE","25","noviembre","*"],
    [136,"BELASCOÁIN","16","agosto","*"],
    [137,"BELZUNCE","15","diciembre","*"],
    [138,"BENEGORRI","*","mayo","Lunes siguiente al primer domingo de mayo"],
    [139,"BEORBURU","27","octubre","*"],
    [140,"BEORTEGUI","15","mayo","*"],
    [141,"BERA","3","marzo","*"],
    [142,"BERAMENDI","29","septiembre","*"],
    [143,"BERASÁIN","12","julio","*"],
    [144,"BERBINZANA","15","mayo","*"],
    [145,"BERIÁIN","11","noviembre","*"],
    [146,"BERRIOPLANO","7","julio","*"],
    [147,"BERRIOSUSO","10","diciembre","*"],
    [148,"BERRIOZAR","26","diciembre","*"],
    [149,"BERROYA","15","mayo","*"],
    [150,"BERUETE","24","junio","*"],
    [151,"BETELU","30","junio","*"],
    [152,"BEUNZA (Atez)","20","junio","*"],
    [153,"BÉZQUIZ (Leoz)","*","mayo","Lunes siguiente al primer domingo de mayo"],
    [154,"BIDAURRETA","7","enero","*"],
    [155,"BIGÜÉZAL","15","mayo","*"],
    [156,"BIZKARRETA-GERENDIAIN","15","mayo","*"],
    [157,"BIURRUN","8","septiembre","*"],
    [158,"BUÑUEL","17","enero","*"],
    [159,"BURGUI","*","*","Lunes de Pentecostés"],
    [160,"BURLADA","24","junio","*"],
    [161,"BURUTAIN","2","julio","*"],
    [162,"CABANILLAS","16","agosto","*"],
    [163,"CABREDO","8","septiembre","*"],
    [164,"CADREITA","13","enero","*"],
    [165,"CAPARROSO","25","abril","*"],
    [166,"CÁRCAR","29","septiembre","*"],
    [167,"CARCASTILLO","8","agosto","*"],
    [168,"CASCANTE","26","mayo","*"],
    [169,"CÁSEDA","15","mayo","*"],
    [170,"CASTEJÓN","28","junio","*"],
    [171,"CASTILLONUEVO","12","noviembre","*"],
    [172,"CEMBORÁIN (Unciti)","15","diciembre","*"],
    [173,"CIÁURRIZ","17","enero","*"],
    [174,"CIGANDA (Atez)","6","septiembre","*"],
    [175,"CINTRUÉNIGO","24","junio","*"],
    [176,"CIRAUQUI","15","mayo","*"],
    [177,"CIRIZA","29","septiembre","*"],
    [178,"CIZUR MENOR","3","marzo","*"],
    [179,"CORDOVILLA","24","septiembre","*"],
    [180,"CORELLA","29","septiembre","*"],
    [181,"CORTES","29","septiembre","*"],
    [182,"DESOJO","8","septiembre","*"],
    [183,"DICASTILLO","15","mayo","*"],
    [184,"DOMEÑO","15","mayo","*"],
    [185,"DONAMARIA","18","agosto","*"],
    [186,"DONEZTEBE / SANTESTEBAN","30","junio","*"],
    [187,"DORRAO / TORRANO","16","agosto","*"],
    [188,"ECALA (Améscoa Baja)","*","septiembre","Último viernes de septiembre"],
    [189,"ECAY (Lónguida)","15","noviembre","*"],
    [190,"ECHAGUE (Olóriz)","7","octubre","*"],
    [191,"ECHARREN (Guirguillano)","15","mayo","*"],
    [192,"ECHARRI","4","agosto","*"],
    [193,"ECHÁVARRI (Allín)","18","agosto","*"],
    [194,"EGIARRETA","3","octubre","*"],
    [195,"EGILLOR","25","agosto","*"],
    [196,"EGOZKUE (Anue)","3","octubre","*"],
    [197,"EGUARAS (Atez)","14","noviembre","*"],
    [198,"EGÜÉS","11","noviembre","*"],
    [199,"EKAI (Arakil)","3","octubre","*"],
    [200,"EL BUSTO","1","diciembre","*"],
    [201,"ELCANO (Egüés)","8","octubre","*"],
    [202,"ELCARTE (Berrioplano)","8","septiembre","*"],
    [203,"ELCOAZ (Urraúl Alto)","30","diciembre","*"],
    [204,"ELGORRIAGA","29","junio","*"],
    [205,"ELÍA (Egüés)","19","agosto","*"],
    [206,"ELORZ","16","agosto","*"],
    [207,"ELTSO (Ultzama)","22","agosto","*"],
    [208,"ELTZABURU (Ultzama)","2","septiembre","*"],
    [209,"ENDÉRIZ (Olaibar)","30","diciembre","*"],
    [210,"ENÉRIZ","15","mayo","*"],
    [211,"EPAROZ (Urraúl Alto)","5","diciembre","*"],
    [212,"ERANSUS (Egüés)","*","agosto","Festividad de la Ascensión"],
    [213,"ERASO (Imotz)","25","agosto","*"],
    [214,"ERATSUN","12","septiembre","*"],
    [215,"ERAUL (Yerri)","1","octubre","*"],
    [216,"ERBITI","8","septiembre","*"],
    [217,"ERDOZÁIN (Lónguida)","9","agosto","*"],
    [218,"ERICE (Atez)","14","noviembre","*"],
    [219,"ERICE","1","diciembre","*"],
    [220,"ERRAZKIN (Larraun)","6","agosto","*"],
    [221,"ERREA (Sarasíbar)","11","octubre","*"],
    [222,"ERRO","5","diciembre","*"],
    [223,"ERROTZ (Arakil)","12","mayo","*"],
    [224,"ESLAVA","29","septiembre","*"],
    [225,"ESNOTZ (Erro)","15","mayo","*"],
    [226,"ESPARZA (Galar)","16","septiembre","*"],
    [227,"ESPARZA (Salazar)","1","diciembre","*"],
    [228,"ESPOZ","15","mayo","*"],
    [229,"ESPRONCEDA","29","septiembre","*"],
    [230,"ESQUIROZ (Galar)","19","agosto","*"],
    [231,"ESTELLA-LIZARRA","26","mayo","*"],
    [232,"ESTENOZ (Guesálaz)","15","noviembre","*"],
    [233,"ETAYO","16","agosto","*"],
    [234,"ETSAIN (Anue)","*","agosto","Primer sábado de agosto"],
    [235,"ETULAIN","5","septiembre","*"],
    [236,"ETXALAR","*","*","Martes de carnaval"],
    [237,"ECHÁLAZ","12","noviembre","*"],
    [238,"ETXALEKU","3","septiembre","*"],
    [239,"ETXARREN (Arakil)","27","enero","*"],
    [240,"ETXARRI (Larraun)","15","septiembre","*"],
    [241,"ETXARRI ARANATZ","13","junio","*"],
    [242,"ETXAURI","10","diciembre","*"],
    [243,"ETXEBERRI (Arakil)","12","septiembre","*"],
    [244,"EUGI","1","septiembre","*"],
    [245,"EULATE","27","junio","*"],
    [246,"EULZ","*","septiembre","Primer sábado de septiembre"],
    [247,"EUSA","26","diciembre","*"],
    [248,"EZCABA","13","octubre","*"],
    [249,"EZCÁNIZ","27","octubre","*"],
    [250,"EZCÁROZ","18","noviembre","*"],
    [251,"EZKIROTZ (Esteríbar)","20","septiembre","*"],
    [252,"EZKURRA","1","diciembre","*"],
    [253,"EZPROGUI","15","mayo","*"],
    [254,"FALCES","10","noviembre","*"],
    [255,"FITERO","15","marzo","*"],
    [256,"FONTELLAS","4","septiembre","*"],
    [257,"FUNES","15","mayo","*"],
    [258,"FUSTIÑANA","6","agosto","*"],
    [259,"GABARDERAL","12","febrero","*"],
    [260,"GAINTZA (Araitz)","11","noviembre","*"],
    [261,"GALAR","8","septiembre","*"],
    [262,"GALBARRA","30","junio","*"],
    [263,"GALDEANO (Allín)","30","julio","*"],
    [264,"GALDÚROZ (Lizoain)","13","mayo","*"],
    [265,"GALLIPIENZO","20","septiembre","*"],
    [266,"GALLUÉS","24","septiembre","*"],
    [267,"GANUZA (Metauten)","*","septiembre","Tercer sábado de septiembre"],
    [268,"GARAIOA","1","diciembre","*"],
    [269,"GARCIRIÁIN (Juslapeña)","1","julio","*"],
    [270,"GARDE","8","septiembre","*"],
    [271,"GARÍNOAIN","8","septiembre","*"],
    [272,"GARÍSOAIN","12","septiembre","*"],
    [273,"GARRALDA","27","diciembre","*"],
    [274,"GARRUÉS (Ezcabarte)","9","diciembre","*"],
    [275,"GARTZARON","16","agosto","*"],
    [276,"GASCUE","17","enero","*"],
    [277,"GASTIÁIN (Lana)","18","julio","*"],
    [278,"GAZÓLAZ","8","septiembre","*"],
    [279,"GENDULAIN (Esteribar)","11","octubre","*"],
    [280,"GENEVILLA","21","octubre","*"],
    [281,"GERENDIAIN (Ultzama)","11","agosto","*"],
    [282,"GOIZUETA","*","*","*"],
    [283,"GOLDARATZ","8","septiembre","*"],
    [284,"GOLLANO","18","agosto","*"],
    [285,"GOÑI","7","enero","*"],
    [286,"GORRAIZ","30","diciembre","*"],
    [287,"GORRITI (Larráun)","25","agosto","*"],
    [288,"GORRONTZ OLANO (Ultzama)","18","agosto","*"],
    [289,"GREZ","26","mayo","*"],
    [290,"GROCIN (Yerri)","15","mayo","*"],
    [291,"GUELBENZU","17","enero","*"],
    [292,"GUEMBE","10","diciembre","*"],
    [293,"GUENDULÁIN (Odieta)","11","octubre","*"],
    [294,"GUERENDIÁIN (Elorz)","24","junio","*"],
    [295,"GUERGUITIÁIN (Izagaondoa)","15","mayo","*"],
    [296,"GÜESA","26","diciembre","*"],
    [297,"GUIRGUILLANO","15","mayo","*"],
    [298,"GULINA","30","junio","*"],
    [299,"HIRIBERRI / VILLANUEVA","12","septiembre","*"],
    [300,"HIRIBERRI / VILLANUEVA DE AEZKOA","4","julio","*"],
    [301,"HUARTE","*","septiembre","Tercer lunes de septiembre"],
    [302,"IBERO","16","agosto","*"],
    [303,"IBILCIETA","11","noviembre","*"],
    [304,"IBIRICU (Egüés)","30","junio","*"],
    [305,"IBIRICU (Yerri)","29","diciembre","*"],
    [306,"ICIZ","26","septiembre","*"],
    [307,"IDOATE","15","mayo","*"],
    [308,"IDOCIN","3","octubre","*"],
    [309,"IDOI","4","octubre","*"],
    [310,"IGAL (Güesa)","22","enero","*"],
    [311,"IGANTZI","29","septiembre","*"],
    [312,"IGOA (Basaburua)","8","septiembre","*"],
    [313,"IGUZQUIZA","28","junio","*"],
    [314,"IHABAR","29","diciembre","*"],
    [315,"IHABEN","8","septiembre","*"],
    [316,"ILARRATZ (Esteríbar)","20","enero","*"],
    [317,"ILARREGI (Ultzama)","29","septiembre","*"],
    [318,"ILOZ (Lizoain)","20","enero","*"],
    [319,"ILUNDÁIN","20","enero","*"],
    [320,"ILURDOTZ","11","octubre","*"],
    [321,"ILZARBE (Ollo)","29","septiembre","*"],
    [322,"IMARCOAIN (Elorz)","11","noviembre","*"],
    [323,"IMIRIZALDU","8","octubre","*"],
    [324,"IMIZCOZ (Arce)","3","octubre","*"],
    [325,"INBULUZKETA (Esteríbar)","12","noviembre","*"],
    [326,"INDURÁIN","15","mayo","*"],
    [327,"INTZA (Araitz)","8","septiembre","*"],
    [328,"IRACHETA (Leoz)","*","mayo","Lunes siguiente al primer domingo de mayo"],
    [329,"IRAGI (Esteríbar)","17","septiembre","*"],
    [330,"IRAIZOTZ (Ultzama)","11","noviembre","*"],
    [331,"IRAÑETA","29","agosto","*"],
    [332,"IRIBAS (Larraun)","29","agosto","*"],
    [333,"IRISO (Izagaondoa)","15","mayo","*"],
    [334,"IROTZ (Esteríbar)","2","junio","*"],
    [335,"IRUJO (Guesálaz)","22","noviembre","*"],
    [336,"IRUÑELA (Yerri)","16","septiembre","*"],
    [337,"IRURE (Esteríbar)","10","septiembre","*"],
    [338,"IRUROZQUI (Urraúl Alto)","10","septiembre","*"],
    [339,"IRURRE (Guesálaz)","18","agosto","*"],
    [340,"IRURTZUN","11","noviembre","*"],
    [341,"ISABA","16","septiembre","*"],
    [342,"ISO (Romanzado)","15","mayo","*"],
    [343,"ITOIZ (Lónguida)","13","diciembre","*"],
    [344,"ITSASO (Basaburua)","15","septiembre","*"],
    [345,"ITUREN","*","*","Lunes de carnaval"],
    [346,"ITURGOYEN (Guesálaz)","15","diciembre","*"],
    [347,"ITURMENDI","16","julio","*"],
    [348,"IZA","15","septiembre","*"],
    [349,"IZAGAONDOA","15","mayo","*"],
    [350,"IZAL (Gallués)","23","enero","*"],
    [351,"IZALZU","29","septiembre","*"],
    [352,"IZCO (Ibargoiti)","3","octubre","*"],
    [353,"IZCUE (Olza)","15","mayo","*"],
    [354,"IZU (Olza)","7","octubre","*"],
    [355,"IZURDIAGA (Arakil)","18","agosto","*"],
    [356,"IZURZU (Guesálaz)","2","diciembre","*"],
    [357,"JANARIZ (Lizoain)","15","mayo","*"],
    [358,"JAUNTSARATS (Basaburua)","16","agosto","*"],
    [359,"JAURRIETA","21","junio","*"],
    [360,"JAVERRI (Lónguida)","29","diciembre","*"],
    [361,"JAVIER","29","diciembre","*"],
    [362,"JUSLAPEÑA","7","julio","*"],
    [363,"LABAIEN","30","junio","*"],
    [364,"LABEAGA (Igúzquiza)","30","junio","*"],
    [365,"LABIANO","16","junio","*"],
    [366,"LACAR","19","abril","*"],
    [367,"LAKAINAPEZBORRO","3","octubre","*"],
    [368,"LAKUNTZA","20","enero","*"],
    [369,"LANTZ","15","septiembre","*"],
    [370,"LAPOBLACIÓN","16","agosto","*"],
    [371,"LAQUIDAIN (Aranguren)","16","junio","*"],
    [372,"LARRAGA","29","septiembre","*"],
    [373,"LARRAGUETA","26","diciembre","*"],
    [374,"LARRAINTZAR","30","junio","*"],
    [375,"LARRANGOZ (Lónguida)","26","agosto","*"],
    [376,"LARRAONA","18","julio","*"],
    [377,"LARRASOAÑA","8","septiembre","*"],
    [378,"LARRAYA (Cizur)","18","noviembre","*"],
    [379,"LARRAYOZ","*","septiembre","Primer lunes de septiembre"],
    [380,"LARRIÓN (Allín)","18","agosto","*"],
    [381,"LARUNBE","20","enero","*"],
    [382,"LATASA (Imotz)","3","septiembre","*"],
    [383,"LATASA (Odieta)","17","enero","*"],
    [384,"LAZAGURRÍA","15","mayo","*"],
    [385,"LEACHE","15","mayo","*"],
    [386,"LEAZKUE (Anue)","18","agosto","*"],
    [387,"LEGARDA","15","mayo","*"],
    [388,"LEGARIA","11","noviembre","*"],
    [389,"LEGASA","28","agosto","*"],
    [390,"LEITZA","27","enero","*"],
    [391,"LEKUNBERRI","24","junio","*"],
    [392,"LEOZ","*","mayo","Lunes siguiente al primer domingo de mayo"],
    [393,"LERANOTZ","13","septiembre","*"],
    [394,"LERATE","2","julio","*"],
    [395,"LERGA","11","noviembre","*"],
    [396,"LERÍN","4","diciembre","*"],
    [397,"LERRUZ","15","mayo","*"],
    [398,"LESAKA","7","julio","*"],
    [399,"LETE","12","noviembre","*"],
    [400,"LEYUN","15","mayo","*"],
    [401,"LEZAUN","30","junio","*"],
    [402,"LIEDENA","24","julio","*"],
    [403,"LINTZOAIN","15","mayo","*"],
    [404,"LIZARRAGA (Ergoiena)","24","noviembre","*"],
    [405,"LIZARRAGA (Izagaondoa)","15","mayo","*"],
    [406,"LIZARRAGABENGOA","30","junio","*"],
    [407,"LIZASO (Ultzama)","28","octubre","*"],
    [408,"LIZASOÁIN (Olza)","8","septiembre","*"],
    [409,"LIZOÁIN","15","mayo","*"],
    [410,"LODOSA","31","julio","*"],
    [411,"LOIZU","15","mayo","*"],
    [412,"LORCA (Yerri)","15","mayo","*"],
    [413,"LOS ARCOS","9","junio","*"],
    [414,"LOZA (Berrioplano)","15","septiembre","*"],
    [415,"LUMBIER","15","mayo","*"],
    [416,"LUQUIN","11","noviembre","*"],
    [417,"LUZAIDE / VALCARLOS","26","julio","*"],
    [418,"MADOTZ (Larráun)","24","junio","*"],
    [419,"MAÑERU","15","mayo","*"],
    [420,"MAKIRRIAIN (Ezcabarte)","11","noviembre","*"],
    [421,"MAQUIRRIAIN (Leoz)","*","mayo","Lunes siguiente al primer domingo de mayo"],
    [422,"MARAÑÓN","16","agosto","*"],
    [423,"MARCALÁIN","30","septiembre","*"],
    [424,"MARCILLA","5","agosto","*"],
    [425,"MEANO","13","junio","*"],
    [426,"MÉLIDA","26","julio","*"],
    [427,"MENDAVIA","*",null,"Lunes de Pentecostés"],
    [428,"MENDAZA","24","mayo","*"],
    [429,"MENDIGORRIA","7","febrero","*"],
    [430,"MENDILIBARRI (ANCIN)","1","diciembre","*"],
    [431,"MENDIOROZ (Lizoain)","15","mayo","*"],
    [432,"MENDIVIL (Olóriz)","29","septiembre","*"],
    [433,"MEOZ (Lónguida)","4","julio","*"],
    [434,"METAUTEN","10","septiembre","*"],
    [435,"MEZKIRITZ","15","mayo","*"],
    [436,"MILAGRO","3","febrero","*"],
    [437,"MIRAFUENTES","12","diciembre","*"],
    [438,"MIRANDA DE ARGA","21","marzo","*"],
    [439,"MONREAL","8","septiembre","*"],
    [440,"MONTEAGUDO","8","septiembre","*"],
    [441,"MORENTIN","29","mayo","*"],
    [442,"MUÉS","3","septiembre","*"],
    [443,"MUEZ","13","diciembre","*"],
    [444,"MUGIRO (Larráun)","30","junio","*"],
    [445,"MUGUETA (Lónguida)","14","noviembre","*"],
    [446,"MUNÁRRIZ (Goñi)","13","diciembre","*"],
    [447,"MUNETA (Allín)","*","septiembre","Segundo sábado de septiembre"],
    [448,"MUNIÁIN DE GUESÁLAZ","1","diciembre","*"],
    [449,"MUNIÁIN DE LA SOLANA","21","enero","*"],
    [450,"MURCHANTE","16","agosto","*"],
    [451,"MURIETA","4","agosto","*"],
    [452,"MURILLO (Lónguida)","19","agosto","*"],
    [453,"MURILLO BERROYA","19","agosto","*"],
    [454,"MURILLO EL CUENDE","2","septiembre","*"],
    [455,"MURILLO EL FRUTO","21","octubre","*"],
    [456,"MURILLO YERRI","15","mayo","*"],
    [457,"MURU ASTRÁIN","26","diciembre","*"],
    [458,"MURUARTE DE RETA","2","septiembre","*"],
    [459,"MURUGARREN","21","noviembre","*"],
    [460,"MURUZABAL","15","mayo","*"],
    [461,"MUSKITZ","11","noviembre","*"],
    [462,"MUTILVA","16","junio","*"],
    [463,"MUZQUI (Guesálaz)","24","enero","*"],
    [464,"NAGORE (Arce)","10","enero","*"],
    [465,"NAJURIETA","23","diciembre","*"],
    [466,"NAPAL","15","mayo","*"],
    [467,"NARBARTE","23","agosto","*"],
    [468,"NARCUE (Lana)","17","noviembre","*"],
    [469,"NARDUÉS ALDUNATE (Urraúl Bajo)","29","diciembre","*"],
    [470,"NARDUÉS ANDURRA (Urraúl Bajo)","15","noviembre","*"],
    [471,"NAVASCUES","10","julio","*"],
    [472,"NAVAZ (Juslapeña)","15","septiembre","*"],
    [473,"NAZAR","13","diciembre","*"],
    [474,"NOÁIN (VALLE DE ELORZ)","29","septiembre","*"],
    [475,"NUIN (Juslapeña)","15","noviembre","*"],
    [476,"OBANOS","29","agosto","*"],
    [477,"OCHAGAVÍA","27","diciembre","*"],
    [478,"OCHOVI","25","junio","*"],
    [479,"OCO","12","noviembre","*"],
    [480,"ODERITZ (Larraun)","11","agosto","*"],
    [481,"ODIETA","16","enero","*"],
    [482,"OIEREGI","24","junio","*"],
    [483,"OITZ","8","septiembre","*"],
    [484,"OLAGÜE (Anue)","25","junio","*"],
    [485,"OLAIBAR","26","diciembre","*"],
    [486,"OLAIZ","26","diciembre","*"],
    [487,"OLAVE","26","diciembre","*"],
    [488,"OLAVERRI","25","agosto","*"],
    [489,"OLAZ (Egüés)","30","junio","*"],
    [490,"OLAZ SUBIZA (Galar)","9","septiembre","*"],
    [491,"OLAZTI / OLAZAGUTIA","26","julio","*"],
    [492,"OLCOZ","29","septiembre","*"],
    [493,"OLEJUA","26","julio","*"],
    [494,"OLITE","26","agosto","*"],
    [495,"OLLACARIZQUETA","10","septiembre","*"],
    [496,"OLLETA","*","mayo","Lunes siguiente al primer domingo de mayo"],
    [497,"OLLO","8","septiembre","*"],
    [498,"OLLOBARREN (Metauten)","15","mayo","*"],
    [499,"OLLOGOYEN (Metauten)","12","noviembre","*"],
    [500,"OLLOKI","10","mayo","*"],
    [501,"OLÓRIZ","25","agosto","*"],
    [502,"OLZA","25","agosto","*"],
    [503,"ONGOZ (Urraúl Alto)","10","diciembre","*"],
    [504,"ORBAIZETA","30","junio","*"],
    [505,"ORBAIZ","2","julio","*"],
    [506,"ORBARA","16","agosto","*"],
    [507,"ORICÁIN (Ezcabarte)","26","julio","*"],
    [508,"ORICIN (Olóriz)","1","diciembre","*"],
    [509,"ORÍSOAIN","11","noviembre","*"],
    [510,"ORIZ","8","septiembre","*"],
    [511,"ORKOIEN","29","septiembre","*"],
    [512,"OROKIETA (Basaburua)","11","agosto","*"],
    [513,"ORONDRITZ","15","mayo","*"],
    [514,"ORONZ","12","marzo","*"],
    [515,"ORORBIA (Olza)","7","enero","*"],
    [516,"OROTZBETELU","18","junio","*"],
    [517,"ORRADRE","15","mayo","*"],
    [518,"ORREAGA / RONCESVALLES","8","septiembre","*"],
    [519,"ORRIO (Ezcabarte)","24","junio","*"],
    [520,"OSA (Ezcabarte)","3","octubre","*"],
    [521,"OSACÁIN","22","diciembre","*"],
    [522,"OSACAR","17","diciembre","*"],
    [523,"OSINAGA","8","septiembre","*"],
    [524,"OSKOTZ","29","julio","*"],
    [525,"OSTERITZ","20","enero","*"],
    [526,"OSTIZ (Odieta)","17","enero","*"],
    [527,"OTANO","17","mayo","*"],
    [528,"OTEIZA (Berrioplano)","24","junio","*"],
    [529,"OTEIZA","29","septiembre","*"],
    [530,"OTIÑANO","11","noviembre","*"],
    [531,"OSCÁRIZ (Lizoain)","15","mayo","*"],
    [532,"OZCOIDI (Urraúl Alto)","28","junio","*"],
    [533,"PAMPLONA","29","noviembre","*"],
    [534,"PATERNÁIN","11","noviembre","*"],
    [535,"PERALTA","3","febrero","*"],
    [536,"PETILLA DE ARAGÓN","12","noviembre","*"],
    [537,"PIEDRAMILLERA","15","diciembre","*"],
    [538,"PITILLAS","30","junio","*"],
    [539,"PUENTE LA REINA","28","julio","*"],
    [540,"PUEYO","26","julio","*"],
    [541,"RADA","15","mayo","*"],
    [542,"REDÍN","15","mayo","*"],
    [543,"RETA (Izagaondoa)","15","mayo","*"],
    [544,"RIBAFORADA","25","agosto","*"],
    [545,"RIEZU (Yerri)","4","febrero","*"],
    [546,"RIPA","17","enero","*"],
    [547,"RÍPODAS (Urraúl Alto)","5","febrero","*"],
    [548,"ROCAFORTE","25","agosto","*"],
    [549,"RONCAL","26","diciembre","*"],
    [550,"SADA","22","enero","*"],
    [551,"SAGASETA","22","abril","*"],
    [552,"SAGÜÉS (Cizur)","29","septiembre","*"],
    [553,"SAGÜÉS (Egüés)","19","abril","*"],
    [554,"SAIGOTS (Esteríbar)","31","mayo","*"],
    [555,"SALDIAS","27","junio","*"],
    [556,"SALDISE","9","mayo","*"],
    [557,"SALINAS DE IBARGOITI","3","octubre","*"],
    [558,"SALINAS DE ORO","29","septiembre","*"],
    [559,"SALINAS DE PAMPLONA","8","septiembre","*"],
    [560,"SAN ADRIÁN","8","septiembre","*"],
    [561,"SAN ISIDRO DEL PINAR","15","mayo","*"],
    [562,"SAN MARTÍN DE AMESCOA","*","noviembre","Segundo viernes de noviembre"],
    [563,"SAN MARTÍN DE UNX","11","noviembre","*"],
    [564,"SAN VICENTE (Urraúl Bajo)","10","octubre","*"],
    [565,"SANGÜESA","20","enero","*"],
    [566,"SÁNSOAIN (Leoz)","5","mayo","*"],
    [567,"SANSOÁIN (Urraúl Bajo)","11","octubre","*"],
    [568,"SANSOÁIN","*","mayo","Lunes siguiente al primer domingo de mayo"],
    [569,"SANSOL","*","*","Segundo día de Pentecostés"],
    [570,"SANSOMAIN","*","mayo","Lunes siguiente al primer domingo de mayo"],
    [571,"SANTACARA","16","septiembre","*"],
    [572,"SARAGÜETA (Arce)","30","agosto","*"],
    [573,"SARASA","11","noviembre","*"],
    [574,"SARASATE","29","diciembre","*"],
    [575,"SARASIBAR (Esteríbar)","24","diciembre","*"],
    [576,"SARRIÉS","8","septiembre","*"],
    [577,"SARRIGUREN","6","junio","*"],
    [578,"SARTAGUDA","8","agosto","*"],
    [579,"SATRUSTEGI","18","septiembre","*"],
    [580,"SENGÁRIZ (Ibargoiti)","3","octubre","*"],
    [581,"SENOSIÁIN (Ollo)","22","septiembre","*"],
    [582,"SESMA","26","agosto","*"],
    [583,"SETOAIN","21","junio","*"],
    [584,"SOLCHAGA (Olóriz)","29","agosto","*"],
    [585,"SORAUREN","1","diciembre","*"],
    [586,"SORLADA","24","noviembre","*"],
    [587,"SUARBE (Ultzama)","13","octubre","*"],
    [588,"SUBIZA","25","junio","*"],
    [589,"SUNBILLA","30","enero","*"],
    [590,"TABAR (Urraúl Alto)","1","septiembre","*"],
    [591,"TAFALLA","20","enero","*"],
    [592,"TAJONAR","21","marzo","*"],
    [593,"TIEBAS","16","septiembre","*"],
    [594,"TIRAPU","8","septiembre","*"],
    [595,"TORRALBA DEL RÍO","29","diciembre","*"],
    [596,"TORRES DE ELORZ","30","junio","*"],
    [597,"TORRES DEL RÍO","15","septiembre","*"],
    [598,"TRAIBUENAS","30","agosto","*"],
    [599,"TUDELA","26","julio","*"],
    [600,"TULEBRAS","20","agosto","*"],
    [601,"TURRILLAS","15","mayo","*"],
    [602,"UBAGO (Mendaza)","*","octubre","Primer sábado de octubre"],
    [603,"UBANI (Zabalza)","15","noviembre","*"],
    [604,"ÚCAR","29","septiembre","*"],
    [605,"UDABE (Basaburua)","7","octubre","*"],
    [606,"ÚGAR","14","noviembre","*"],
    [607,"UHARTE ARAKIL","24","junio","*"],
    [608,"UITZI","29","septiembre","*"],
    [609,"UJUÉ","8","septiembre","*"],
    [610,"ULI BAJO (Lónguida)","13","diciembre","*"],
    [611,"ULIBARRI (Lana)","8","septiembre","*"],
    [612,"ULZURRUN (Ollo)","1","septiembre","*"],
    [613,"UNANU (Ergoiena)","30","junio","*"],
    [614,"UNCITI","19","abril","*"],
    [615,"UNDIANO","11","noviembre","*"],
    [616,"UNZU (Juslapeña)","15","mayo","*"],
    [617,"UNZUÉ","12","noviembre","*"],
    [618,"URBICÁIN","15","mayo","*"],
    [619,"URBIOLA","3","octubre","*"],
    [620,"URDAITZ / URDÁNIZ","4","octubre","*"],
    [621,"URDÁNOZ","15","mayo","*"],
    [622,"URDAZUBI / URDAX","*",null,"Lunes de Pentecostés"],
    [623,"URDIAIN","7","julio","*"],
    [624,"URDIROZ (Arce)","1","diciembre","*"],
    [625,"URIZ (Arce)","1","diciembre","*"],
    [626,"UROZ (Lizoain)","15","mayo","*"],
    [627,"URRA","18","agosto","*"],
    [628,"URRICELQUI","15","mayo","*"],
    [629,"URRITZA","24","junio","*"],
    [630,"URRITZOLA (Arakil)","4","julio","*"],
    [631,"URRITZO-LAGALAIN (Ultzama)","16","agosto","*"],
    [632,"URROTZ","29","septiembre","*"],
    [633,"URROZVILLA","6","agosto","*"],
    [634,"URTASUN","10","septiembre","*"],
    [635,"URZAINQUI","11","noviembre","*"],
    [636,"USCARRÉS (Gallués)","22","enero","*"],
    [637,"USETXI","9","agosto","*"],
    [638,"USI (Juslapeña)","26","septiembre","*"],
    [639,"USOZ","1","diciembre","*"],
    [640,"USTÁRROZ","25","agosto","*"],
    [641,"USTÉS","1","diciembre","*"],
    [642,"USUN (Romanzado)","15","mayo","*"],
    [643,"UTERGA","15","mayo","*"],
    [644,"UZQUITA","*","mayo","Lunes siguiente al primer domingo de mayo"],
    [645,"UZTARROZ","16","abril","*"],
    [646,"UZTEGI","16","agosto","*"],
    [647,"VALTIERRA","18","diciembre","*"],
    [648,"VIANA","22","julio","*"],
    [649,"VIDANGOZ","30","junio","*"],
    [650,"VIDAURRE (Guesálaz)","28","julio","*"],
    [651,"VIGURIA","13","diciembre","*"],
    [652,"VILLAFRANCA","16","septiembre","*"],
    [653,"VILLAMAYOR DE MONJARDÍN","19","septiembre","*"],
    [654,"VILLANUEVA (Yerri)","15","mayo","*"],
    [655,"VILLANUEVA DE ARCE","5","diciembre","*"],
    [656,"VILLATUERTA","8","marzo","*"],
    [657,"VILLAVA","1","diciembre","*"],
    [658,"VILLAVETA (Lónguida)","12","diciembre","*"],
    [659,"VILORIA","1","diciembre","*"],
    [660,"YÁRNOZ","8","septiembre","*"],
    [661,"YELZ","15","mayo","*"],
    [662,"YESA","26","diciembre","*"],
    [663,"ZABAL","24","noviembre","*"],
    [664,"ZABALCETA","19","agosto","*"],
    [665,"ZABALDIKA","26","diciembre","*"],
    [666,"ZABALEGUI","7","octubre","*"],
    [667,"ZABALZA (Urraúl Alto)","4","julio","*"],
    [668,"ZABALZA","19","agosto","*"],
    [669,"ZALBA","15","mayo","*"],
    [670,"ZANDIO","29","septiembre","*"],
    [671,"ZARIQUIEGUI","1","diciembre","*"],
    [672,"ZARRANTZ","29","septiembre","*"],
    [673,"ZENOTZ (Ultzama)","26","julio","*"],
    [674,"ZIA","30","septiembre","*"],
    [675,"ZILBETI","15","mayo","*"],
    [676,"ZILDOTZ-CILDOZ","26","diciembre","*"],
    [677,"ZIORDIA","8","septiembre","*"],
    [678,"ZIZUR MAYOR","12","septiembre","*"],
    [679,"ZOLINA","16","junio","*"],
    [680,"ZOROQUIÁIN","2","diciembre","*"],
    [681,"ZUASTI","30","septiembre","*"],
    [682,"ZUAZU (Izagaondoa)","15","mayo","*"],
    [683,"ZUBIELQUI (Allín)","18","agosto","*"],
    [684,"ZUBIETA","17","enero","*"],
    [685,"ZUBIRI","26","diciembre","*"],
    [686,"ZUDAIRE","1","diciembre","*"],
    [687,"ZUFIA","3","octubre","*"],
    [688,"ZUGARRAMURDI","1","septiembre","*"],
    [689,"ZUHATZU","26","septiembre","*"],
    [690,"ZULUETA","1","septiembre","*"],
    [691,"ZÚÑIGA","3","julio","*"],
    [692,"ZUNZARREN","15","mayo","*"],
    [693,"ZURIAIN","15","noviembre","*"],
    [694,"ZURUCUÁIN","4","febrero","*"]
]}
